participant_idx,order_condition,theme_position,theme,theme_label,question_type,time,within_theme_order,global_order,time_clipped,within_order_label,is_first,position_group
1,PBT,1,armed,Armed Conflict,Baseline,52.492,1,1,52.492,First,True,First (Q1)
1,PBT,1,armed,Armed Conflict,Error Threshold,443.166,2,2,135.52889999999968,Second,True,First (Q1)
4,PTB,1,disease,Disease Screening,Baseline,1.401,2,2,1.401,Second,True,First (Q1)
4,PTB,1,disease,Disease Screening,Error Threshold,2.378,1,1,2.378,First,True,First (Q1)
4,PTB,2,conv,Convictions,Error Threshold,3.538,1,3,3.538,First,False,Middle (Q2-6)
4,PTB,3,welfare,Welfare Benefits,Error Threshold,4.679,1,5,4.679,First,False,Middle (Q2-6)
4,PTB,4,vote,Voting,Error Threshold,3.785,1,7,3.785,First,False,Middle (Q2-6)
4,PTB,5,firearm,Firearm Checks,Baseline,2.038,2,10,2.038,Second,False,Middle (Q2-6)
4,PTB,5,firearm,Firearm Checks,Error Threshold,4.623,1,9,4.623,First,False,Middle (Q2-6)
5,PTB,1,disease,Disease Screening,Baseline,51.408,2,2,51.408,Second,True,First (Q1)
5,PTB,1,disease,Disease Screening,Error Threshold,21.844,1,1,21.844,First,True,First (Q1)
5,PTB,2,welfare,Welfare Benefits,Baseline,30.512,2,4,30.512,Second,False,Middle (Q2-6)
5,PTB,2,welfare,Welfare Benefits,Error Threshold,40.055,1,3,40.055,First,False,Middle (Q2-6)
5,PTB,3,immi,Immigration,Baseline,70.276,2,6,70.276,Second,False,Middle (Q2-6)
5,PTB,3,immi,Immigration,Error Threshold,4.058,1,5,4.058,First,False,Middle (Q2-6)
5,PTB,4,vote,Voting,Baseline,68.013,2,8,68.013,Second,False,Middle (Q2-6)
5,PTB,4,vote,Voting,Error Threshold,3.394,1,7,3.394,First,False,Middle (Q2-6)
5,PTB,5,firearm,Firearm Checks,Baseline,152.005,2,10,135.52889999999968,Second,False,Middle (Q2-6)
5,PTB,5,firearm,Firearm Checks,Error Threshold,9.856,1,9,9.856,First,False,Middle (Q2-6)
6,BTP,1,armed,Armed Conflict,Baseline,4.923,2,2,4.923,Second,True,First (Q1)
6,BTP,1,armed,Armed Conflict,Error Threshold,2.059,1,1,2.059,First,True,First (Q1)
6,BTP,2,conv,Convictions,Baseline,11.914,2,4,11.914,Second,False,Middle (Q2-6)
6,BTP,2,conv,Convictions,Error Threshold,2.039,1,3,2.039,First,False,Middle (Q2-6)
6,BTP,3,welfare,Welfare Benefits,Error Threshold,3.24,1,5,3.24,First,False,Middle (Q2-6)
6,BTP,4,immi,Immigration,Error Threshold,24.197,1,7,24.197,First,False,Middle (Q2-6)
6,BTP,5,vote,Voting,Error Threshold,5.164,1,9,5.164,First,False,Middle (Q2-6)
6,BTP,6,air,Airport Security,Baseline,7.827,2,12,7.827,Second,False,Middle (Q2-6)
6,BTP,6,air,Airport Security,Error Threshold,2.817,1,11,2.817,First,False,Middle (Q2-6)
6,BTP,7,auto,Autonomous Driving,Baseline,4.188,2,14,4.188,Second,False,Last (Q7)
6,BTP,7,auto,Autonomous Driving,Error Threshold,12.346,1,13,12.346,First,False,Last (Q7)
7,TBP,1,disease,Disease Screening,Baseline,2.689,2,2,2.689,Second,True,First (Q1)
7,TBP,1,disease,Disease Screening,Error Threshold,2.856,1,1,2.856,First,True,First (Q1)
7,TBP,2,armed,Armed Conflict,Error Threshold,18.227,1,3,18.227,First,False,Middle (Q2-6)
7,TBP,3,conv,Convictions,Error Threshold,3.792,1,5,3.792,First,False,Middle (Q2-6)
7,TBP,4,welfare,Welfare Benefits,Baseline,2.936,2,8,2.936,Second,False,Middle (Q2-6)
7,TBP,4,welfare,Welfare Benefits,Error Threshold,3.705,1,7,3.705,First,False,Middle (Q2-6)
7,TBP,5,immi,Immigration,Baseline,2.694,2,10,2.694,Second,False,Middle (Q2-6)
7,TBP,5,immi,Immigration,Error Threshold,4.449,1,9,4.449,First,False,Middle (Q2-6)
7,TBP,6,firearm,Firearm Checks,Error Threshold,5.46,1,11,5.46,First,False,Middle (Q2-6)
7,TBP,7,auto,Autonomous Driving,Error Threshold,7.567,1,13,7.567,First,False,Last (Q7)
8,PTB,1,armed,Armed Conflict,Error Threshold,30.818,1,1,30.818,First,True,First (Q1)
8,PTB,2,conv,Convictions,Error Threshold,7.383,1,3,7.383,First,False,Middle (Q2-6)
8,PTB,3,welfare,Welfare Benefits,Baseline,8.461,2,6,8.461,Second,False,Middle (Q2-6)
8,PTB,3,welfare,Welfare Benefits,Error Threshold,3.151,1,5,3.151,First,False,Middle (Q2-6)
8,PTB,4,immi,Immigration,Baseline,6.878,2,8,6.878,Second,False,Middle (Q2-6)
8,PTB,4,immi,Immigration,Error Threshold,12.061,1,7,12.061,First,False,Middle (Q2-6)
8,PTB,5,air,Airport Security,Error Threshold,5.355,1,9,5.355,First,False,Middle (Q2-6)
8,PTB,6,firearm,Firearm Checks,Baseline,6.345,2,12,6.345,Second,False,Middle (Q2-6)
8,PTB,6,firearm,Firearm Checks,Error Threshold,16.67,1,11,16.67,First,False,Middle (Q2-6)
8,PTB,7,auto,Autonomous Driving,Baseline,7.562,2,14,7.562,Second,False,Last (Q7)
8,PTB,7,auto,Autonomous Driving,Error Threshold,4.98,1,13,4.98,First,False,Last (Q7)
9,TBP,1,armed,Armed Conflict,Error Threshold,13.55,1,1,13.55,First,True,First (Q1)
9,TBP,2,conv,Convictions,Baseline,9.33,2,4,9.33,Second,False,Middle (Q2-6)
9,TBP,2,conv,Convictions,Error Threshold,9.865,1,3,9.865,First,False,Middle (Q2-6)
9,TBP,3,welfare,Welfare Benefits,Baseline,9.941,2,6,9.941,Second,False,Middle (Q2-6)
9,TBP,3,welfare,Welfare Benefits,Error Threshold,8.519,1,5,8.519,First,False,Middle (Q2-6)
9,TBP,4,immi,Immigration,Error Threshold,23.053,1,7,23.053,First,False,Middle (Q2-6)
9,TBP,5,vote,Voting,Baseline,14.033,2,10,14.033,Second,False,Middle (Q2-6)
9,TBP,5,vote,Voting,Error Threshold,11.948,1,9,11.948,First,False,Middle (Q2-6)
9,TBP,6,air,Airport Security,Baseline,6.297,2,12,6.297,Second,False,Middle (Q2-6)
9,TBP,6,air,Airport Security,Error Threshold,3.375,1,11,3.375,First,False,Middle (Q2-6)
9,TBP,7,auto,Autonomous Driving,Error Threshold,34.902,1,13,34.902,First,False,Last (Q7)
10,TBP,1,disease,Disease Screening,Error Threshold,2.441,1,1,2.441,First,True,First (Q1)
10,TBP,2,armed,Armed Conflict,Error Threshold,4.858,1,3,4.858,First,False,Middle (Q2-6)
10,TBP,3,welfare,Welfare Benefits,Error Threshold,4.993,1,5,4.993,First,False,Middle (Q2-6)
10,TBP,4,immi,Immigration,Baseline,2.326,2,8,2.326,Second,False,Middle (Q2-6)
10,TBP,4,immi,Immigration,Error Threshold,3.215,1,7,3.215,First,False,Middle (Q2-6)
10,TBP,5,vote,Voting,Error Threshold,2.845,1,9,2.845,First,False,Middle (Q2-6)
10,TBP,6,firearm,Firearm Checks,Error Threshold,2.453,1,11,2.453,First,False,Middle (Q2-6)
10,TBP,7,auto,Autonomous Driving,Error Threshold,18.076,1,13,18.076,First,False,Last (Q7)
11,PBT,1,disease,Disease Screening,Error Threshold,7.461,2,2,7.461,Second,True,First (Q1)
11,PBT,2,armed,Armed Conflict,Baseline,10.312,1,3,10.312,First,False,Middle (Q2-6)
11,PBT,2,armed,Armed Conflict,Error Threshold,2.997,2,4,2.997,Second,False,Middle (Q2-6)
11,PBT,3,conv,Convictions,Error Threshold,6.135,2,6,6.135,Second,False,Middle (Q2-6)
11,PBT,4,welfare,Welfare Benefits,Error Threshold,8.716,2,8,8.716,Second,False,Middle (Q2-6)
11,PBT,5,immi,Immigration,Error Threshold,6.439,2,10,6.439,Second,False,Middle (Q2-6)
11,PBT,6,air,Airport Security,Baseline,18.846,1,11,18.846,First,False,Middle (Q2-6)
11,PBT,6,air,Airport Security,Error Threshold,2.801,2,12,2.801,Second,False,Middle (Q2-6)
11,PBT,7,auto,Autonomous Driving,Error Threshold,39.377,2,14,39.377,Second,False,Last (Q7)
12,PTB,1,disease,Disease Screening,Baseline,5.229,2,2,5.229,Second,True,First (Q1)
12,PTB,1,disease,Disease Screening,Error Threshold,3.455,1,1,3.455,First,True,First (Q1)
12,PTB,2,conv,Convictions,Error Threshold,11.359,1,3,11.359,First,False,Middle (Q2-6)
12,PTB,3,welfare,Welfare Benefits,Baseline,8.595,2,6,8.595,Second,False,Middle (Q2-6)
12,PTB,3,welfare,Welfare Benefits,Error Threshold,7.071,1,5,7.071,First,False,Middle (Q2-6)
12,PTB,4,immi,Immigration,Error Threshold,5.134,1,7,5.134,First,False,Middle (Q2-6)
12,PTB,5,vote,Voting,Error Threshold,12.38,1,9,12.38,First,False,Middle (Q2-6)
12,PTB,6,firearm,Firearm Checks,Error Threshold,22.14,1,11,22.14,First,False,Middle (Q2-6)
12,PTB,7,auto,Autonomous Driving,Baseline,17.125,2,14,17.125,Second,False,Last (Q7)
12,PTB,7,auto,Autonomous Driving,Error Threshold,4.569,1,13,4.569,First,False,Last (Q7)
13,PTB,1,disease,Disease Screening,Error Threshold,6.181,1,1,6.181,First,True,First (Q1)
13,PTB,2,armed,Armed Conflict,Error Threshold,7.814,1,3,7.814,First,False,Middle (Q2-6)
13,PTB,3,welfare,Welfare Benefits,Baseline,7.182,2,6,7.182,Second,False,Middle (Q2-6)
13,PTB,3,welfare,Welfare Benefits,Error Threshold,8.552,1,5,8.552,First,False,Middle (Q2-6)
13,PTB,4,immi,Immigration,Error Threshold,2.576,1,7,2.576,First,False,Middle (Q2-6)
13,PTB,5,vote,Voting,Baseline,3.737,2,10,3.737,Second,False,Middle (Q2-6)
13,PTB,5,vote,Voting,Error Threshold,7.6,1,9,7.6,First,False,Middle (Q2-6)
13,PTB,6,firearm,Firearm Checks,Baseline,9.69,2,12,9.69,Second,False,Middle (Q2-6)
13,PTB,6,firearm,Firearm Checks,Error Threshold,25.5,1,11,25.5,First,False,Middle (Q2-6)
13,PTB,7,auto,Autonomous Driving,Error Threshold,3.847,1,13,3.847,First,False,Last (Q7)
14,BTP,1,disease,Disease Screening,Baseline,13.009,2,2,13.009,Second,True,First (Q1)
14,BTP,1,disease,Disease Screening,Error Threshold,15.478,1,1,15.478,First,True,First (Q1)
14,BTP,2,armed,Armed Conflict,Baseline,9.766,2,4,9.766,Second,False,Middle (Q2-6)
14,BTP,2,armed,Armed Conflict,Error Threshold,10.369,1,3,10.369,First,False,Middle (Q2-6)
14,BTP,3,conv,Convictions,Error Threshold,40.639,1,5,40.639,First,False,Middle (Q2-6)
14,BTP,4,welfare,Welfare Benefits,Error Threshold,6.098,1,7,6.098,First,False,Middle (Q2-6)
14,BTP,5,immi,Immigration,Error Threshold,3.193,1,9,3.193,First,False,Middle (Q2-6)
14,BTP,6,air,Airport Security,Baseline,14.222,2,12,14.222,Second,False,Middle (Q2-6)
14,BTP,6,air,Airport Security,Error Threshold,15.042,1,11,15.042,First,False,Middle (Q2-6)
14,BTP,7,auto,Autonomous Driving,Error Threshold,11.142,1,13,11.142,First,False,Last (Q7)
15,PBT,1,armed,Armed Conflict,Baseline,24.073,1,1,24.073,First,True,First (Q1)
15,PBT,1,armed,Armed Conflict,Error Threshold,5.4,2,2,5.4,Second,True,First (Q1)
15,PBT,2,conv,Convictions,Error Threshold,3.959,2,4,3.959,Second,False,Middle (Q2-6)
15,PBT,3,welfare,Welfare Benefits,Error Threshold,3.227,2,6,3.227,Second,False,Middle (Q2-6)
15,PBT,4,vote,Voting,Error Threshold,4.155,2,8,4.155,Second,False,Middle (Q2-6)
15,PBT,5,air,Airport Security,Error Threshold,13.876,2,10,13.876,Second,False,Middle (Q2-6)
15,PBT,6,firearm,Firearm Checks,Baseline,10.184,1,11,10.184,First,False,Middle (Q2-6)
15,PBT,6,firearm,Firearm Checks,Error Threshold,6.84,2,12,6.84,Second,False,Middle (Q2-6)
15,PBT,7,auto,Autonomous Driving,Baseline,28.072,1,13,28.072,First,False,Last (Q7)
15,PBT,7,auto,Autonomous Driving,Error Threshold,30.53,2,14,30.53,Second,False,Last (Q7)
16,PBT,1,disease,Disease Screening,Error Threshold,25.161,2,2,25.161,Second,True,First (Q1)
16,PBT,2,armed,Armed Conflict,Error Threshold,12.515,2,4,12.515,Second,False,Middle (Q2-6)
16,PBT,3,welfare,Welfare Benefits,Error Threshold,6.821,2,6,6.821,Second,False,Middle (Q2-6)
16,PBT,4,immi,Immigration,Error Threshold,11.765,2,8,11.765,Second,False,Middle (Q2-6)
16,PBT,5,vote,Voting,Error Threshold,9.648,2,10,9.648,Second,False,Middle (Q2-6)
16,PBT,6,air,Airport Security,Baseline,14.06,1,11,14.06,First,False,Middle (Q2-6)
16,PBT,6,air,Airport Security,Error Threshold,11.346,2,12,11.346,Second,False,Middle (Q2-6)
16,PBT,7,firearm,Firearm Checks,Error Threshold,15.735,2,14,15.735,Second,False,Last (Q7)
17,BTP,1,disease,Disease Screening,Error Threshold,2.204,1,1,2.204,First,True,First (Q1)
17,BTP,2,armed,Armed Conflict,Baseline,33.237,2,4,33.237,Second,False,Middle (Q2-6)
17,BTP,2,armed,Armed Conflict,Error Threshold,21.576,1,3,21.576,First,False,Middle (Q2-6)
17,BTP,3,welfare,Welfare Benefits,Error Threshold,1.963,1,5,1.963,First,False,Middle (Q2-6)
17,BTP,4,immi,Immigration,Error Threshold,2.99,1,7,2.99,First,False,Middle (Q2-6)
17,BTP,5,air,Airport Security,Error Threshold,8.335,1,9,8.335,First,False,Middle (Q2-6)
17,BTP,6,firearm,Firearm Checks,Baseline,13.35,2,12,13.35,Second,False,Middle (Q2-6)
17,BTP,6,firearm,Firearm Checks,Error Threshold,9.938,1,11,9.938,First,False,Middle (Q2-6)
17,BTP,7,auto,Autonomous Driving,Error Threshold,2.713,1,13,2.713,First,False,Last (Q7)
18,TBP,1,disease,Disease Screening,Error Threshold,9.089,1,1,9.089,First,True,First (Q1)
18,TBP,2,conv,Convictions,Baseline,9.147,2,4,9.147,Second,False,Middle (Q2-6)
18,TBP,2,conv,Convictions,Error Threshold,5.071,1,3,5.071,First,False,Middle (Q2-6)
18,TBP,3,welfare,Welfare Benefits,Baseline,18.454,2,6,18.454,Second,False,Middle (Q2-6)
18,TBP,3,welfare,Welfare Benefits,Error Threshold,21.433,1,5,21.433,First,False,Middle (Q2-6)
18,TBP,4,immi,Immigration,Error Threshold,1.834,1,7,1.834,First,False,Middle (Q2-6)
18,TBP,5,air,Airport Security,Error Threshold,2.247,1,9,2.247,First,False,Middle (Q2-6)
18,TBP,6,firearm,Firearm Checks,Error Threshold,1.888,1,11,1.888,First,False,Middle (Q2-6)
18,TBP,7,auto,Autonomous Driving,Baseline,31.0,2,14,31.0,Second,False,Last (Q7)
18,TBP,7,auto,Autonomous Driving,Error Threshold,20.5,1,13,20.5,First,False,Last (Q7)
19,BTP,1,disease,Disease Screening,Baseline,11.404,2,2,11.404,Second,True,First (Q1)
19,BTP,1,disease,Disease Screening,Error Threshold,5.507,1,1,5.507,First,True,First (Q1)
19,BTP,2,armed,Armed Conflict,Error Threshold,5.198,1,3,5.198,First,False,Middle (Q2-6)
19,BTP,3,conv,Convictions,Error Threshold,33.846,1,5,33.846,First,False,Middle (Q2-6)
19,BTP,4,welfare,Welfare Benefits,Error Threshold,7.043,1,7,7.043,First,False,Middle (Q2-6)
19,BTP,5,immi,Immigration,Baseline,13.888,2,10,13.888,Second,False,Middle (Q2-6)
19,BTP,5,immi,Immigration,Error Threshold,20.498,1,9,20.498,First,False,Middle (Q2-6)
19,BTP,6,firearm,Firearm Checks,Error Threshold,13.038,1,11,13.038,First,False,Middle (Q2-6)
19,BTP,7,auto,Autonomous Driving,Error Threshold,12.901,1,13,12.901,First,False,Last (Q7)
20,PBT,1,disease,Disease Screening,Baseline,12.639,1,1,12.639,First,True,First (Q1)
20,PBT,1,disease,Disease Screening,Error Threshold,16.37,2,2,16.37,Second,True,First (Q1)
20,PBT,2,conv,Convictions,Baseline,12.521,1,3,12.521,First,False,Middle (Q2-6)
20,PBT,2,conv,Convictions,Error Threshold,12.231,2,4,12.231,Second,False,Middle (Q2-6)
20,PBT,3,immi,Immigration,Baseline,19.587,1,5,19.587,First,False,Middle (Q2-6)
20,PBT,3,immi,Immigration,Error Threshold,24.974,2,6,24.974,Second,False,Middle (Q2-6)
20,PBT,4,vote,Voting,Baseline,40.106,1,7,40.106,First,False,Middle (Q2-6)
20,PBT,4,vote,Voting,Error Threshold,15.361,2,8,15.361,Second,False,Middle (Q2-6)
20,PBT,5,air,Airport Security,Baseline,11.371,1,9,11.371,First,False,Middle (Q2-6)
20,PBT,5,air,Airport Security,Error Threshold,5.286,2,10,5.286,Second,False,Middle (Q2-6)
20,PBT,6,firearm,Firearm Checks,Error Threshold,21.434,2,12,21.434,Second,False,Middle (Q2-6)
20,PBT,7,auto,Autonomous Driving,Baseline,17.838,1,13,17.838,First,False,Last (Q7)
20,PBT,7,auto,Autonomous Driving,Error Threshold,17.402,2,14,17.402,Second,False,Last (Q7)
21,TBP,1,disease,Disease Screening,Error Threshold,5.351,1,1,5.351,First,True,First (Q1)
21,TBP,2,armed,Armed Conflict,Baseline,19.455,2,4,19.455,Second,False,Middle (Q2-6)
21,TBP,2,armed,Armed Conflict,Error Threshold,11.666,1,3,11.666,First,False,Middle (Q2-6)
21,TBP,3,conv,Convictions,Baseline,32.564,2,6,32.564,Second,False,Middle (Q2-6)
21,TBP,3,conv,Convictions,Error Threshold,25.047,1,5,25.047,First,False,Middle (Q2-6)
21,TBP,4,welfare,Welfare Benefits,Baseline,16.475,2,8,16.475,Second,False,Middle (Q2-6)
21,TBP,4,welfare,Welfare Benefits,Error Threshold,13.821,1,7,13.821,First,False,Middle (Q2-6)
21,TBP,5,immi,Immigration,Baseline,27.987,2,10,27.987,Second,False,Middle (Q2-6)
21,TBP,5,immi,Immigration,Error Threshold,12.999,1,9,12.999,First,False,Middle (Q2-6)
21,TBP,6,air,Airport Security,Error Threshold,8.904,1,11,8.904,First,False,Middle (Q2-6)
21,TBP,7,auto,Autonomous Driving,Baseline,33.9,2,14,33.9,Second,False,Last (Q7)
21,TBP,7,auto,Autonomous Driving,Error Threshold,11.953,1,13,11.953,First,False,Last (Q7)
22,PTB,1,disease,Disease Screening,Baseline,6.398,2,2,6.398,Second,True,First (Q1)
22,PTB,1,disease,Disease Screening,Error Threshold,4.551,1,1,4.551,First,True,First (Q1)
22,PTB,2,armed,Armed Conflict,Error Threshold,33.794,1,3,33.794,First,False,Middle (Q2-6)
22,PTB,3,conv,Convictions,Baseline,4.641,2,6,4.641,Second,False,Middle (Q2-6)
22,PTB,3,conv,Convictions,Error Threshold,19.496,1,5,19.496,First,False,Middle (Q2-6)
22,PTB,4,welfare,Welfare Benefits,Baseline,6.368,2,8,6.368,Second,False,Middle (Q2-6)
22,PTB,4,welfare,Welfare Benefits,Error Threshold,6.342,1,7,6.342,First,False,Middle (Q2-6)
22,PTB,5,immi,Immigration,Baseline,4.923,2,10,4.923,Second,False,Middle (Q2-6)
22,PTB,5,immi,Immigration,Error Threshold,8.5,1,9,8.5,First,False,Middle (Q2-6)
22,PTB,6,air,Airport Security,Baseline,9.46,2,12,9.46,Second,False,Middle (Q2-6)
22,PTB,6,air,Airport Security,Error Threshold,31.345,1,11,31.345,First,False,Middle (Q2-6)
22,PTB,7,auto,Autonomous Driving,Error Threshold,6.57,1,13,6.57,First,False,Last (Q7)
23,TBP,1,disease,Disease Screening,Error Threshold,4.534,1,1,4.534,First,True,First (Q1)
23,TBP,2,armed,Armed Conflict,Baseline,23.408,2,4,23.408,Second,False,Middle (Q2-6)
23,TBP,2,armed,Armed Conflict,Error Threshold,34.665,1,3,34.665,First,False,Middle (Q2-6)
23,TBP,3,welfare,Welfare Benefits,Error Threshold,3.902,1,5,3.902,First,False,Middle (Q2-6)
23,TBP,4,immi,Immigration,Error Threshold,3.828,1,7,3.828,First,False,Middle (Q2-6)
23,TBP,5,air,Airport Security,Baseline,13.787,2,10,13.787,Second,False,Middle (Q2-6)
23,TBP,5,air,Airport Security,Error Threshold,15.457,1,9,15.457,First,False,Middle (Q2-6)
23,TBP,6,firearm,Firearm Checks,Error Threshold,6.494,1,11,6.494,First,False,Middle (Q2-6)
23,TBP,7,auto,Autonomous Driving,Baseline,7.44,2,14,7.44,Second,False,Last (Q7)
23,TBP,7,auto,Autonomous Driving,Error Threshold,4.379,1,13,4.379,First,False,Last (Q7)
24,BTP,1,disease,Disease Screening,Baseline,5.889,2,2,5.889,Second,True,First (Q1)
24,BTP,1,disease,Disease Screening,Error Threshold,2.301,1,1,2.301,First,True,First (Q1)
24,BTP,2,conv,Convictions,Error Threshold,1.312,1,3,1.312,First,False,Middle (Q2-6)
24,BTP,3,welfare,Welfare Benefits,Baseline,8.48,2,6,8.48,Second,False,Middle (Q2-6)
24,BTP,3,welfare,Welfare Benefits,Error Threshold,5.452,1,5,5.452,First,False,Middle (Q2-6)
24,BTP,4,immi,Immigration,Error Threshold,2.29,1,7,2.29,First,False,Middle (Q2-6)
24,BTP,5,vote,Voting,Error Threshold,1.35,1,9,1.35,First,False,Middle (Q2-6)
24,BTP,6,air,Airport Security,Error Threshold,9.076,1,11,9.076,First,False,Middle (Q2-6)
24,BTP,7,firearm,Firearm Checks,Error Threshold,2.421,1,13,2.421,First,False,Last (Q7)
25,TBP,1,disease,Disease Screening,Baseline,5.796,2,2,5.796,Second,True,First (Q1)
25,TBP,1,disease,Disease Screening,Error Threshold,10.774,1,1,10.774,First,True,First (Q1)
25,TBP,2,armed,Armed Conflict,Error Threshold,4.405,1,3,4.405,First,False,Middle (Q2-6)
25,TBP,3,welfare,Welfare Benefits,Error Threshold,3.749,1,5,3.749,First,False,Middle (Q2-6)
25,TBP,4,immi,Immigration,Error Threshold,7.019,1,7,7.019,First,False,Middle (Q2-6)
25,TBP,5,vote,Voting,Error Threshold,3.247,1,9,3.247,First,False,Middle (Q2-6)
25,TBP,6,firearm,Firearm Checks,Error Threshold,3.703,1,11,3.703,First,False,Middle (Q2-6)
25,TBP,7,auto,Autonomous Driving,Baseline,11.654,2,14,11.654,Second,False,Last (Q7)
25,TBP,7,auto,Autonomous Driving,Error Threshold,4.687,1,13,4.687,First,False,Last (Q7)
26,PBT,1,disease,Disease Screening,Baseline,20.58,1,1,20.58,First,True,First (Q1)
26,PBT,1,disease,Disease Screening,Error Threshold,16.574,2,2,16.574,Second,True,First (Q1)
26,PBT,2,armed,Armed Conflict,Error Threshold,8.3,2,4,8.3,Second,False,Middle (Q2-6)
26,PBT,3,conv,Convictions,Error Threshold,15.768,2,6,15.768,Second,False,Middle (Q2-6)
26,PBT,4,immi,Immigration,Error Threshold,11.558,2,8,11.558,Second,False,Middle (Q2-6)
26,PBT,5,vote,Voting,Baseline,13.75,1,9,13.75,First,False,Middle (Q2-6)
26,PBT,5,vote,Voting,Error Threshold,4.469,2,10,4.469,Second,False,Middle (Q2-6)
26,PBT,6,firearm,Firearm Checks,Error Threshold,9.045,2,12,9.045,Second,False,Middle (Q2-6)
26,PBT,7,auto,Autonomous Driving,Error Threshold,33.287,2,14,33.287,Second,False,Last (Q7)
27,BTP,1,disease,Disease Screening,Baseline,12.185,2,2,12.185,Second,True,First (Q1)
27,BTP,1,disease,Disease Screening,Error Threshold,14.584,1,1,14.584,First,True,First (Q1)
27,BTP,2,armed,Armed Conflict,Baseline,5.077,2,4,5.077,Second,False,Middle (Q2-6)
27,BTP,2,armed,Armed Conflict,Error Threshold,2.458,1,3,2.458,First,False,Middle (Q2-6)
27,BTP,3,conv,Convictions,Error Threshold,4.254,1,5,4.254,First,False,Middle (Q2-6)
27,BTP,4,immi,Immigration,Baseline,20.232,2,8,20.232,Second,False,Middle (Q2-6)
27,BTP,4,immi,Immigration,Error Threshold,6.167,1,7,6.167,First,False,Middle (Q2-6)
27,BTP,5,vote,Voting,Error Threshold,6.834,1,9,6.834,First,False,Middle (Q2-6)
27,BTP,6,firearm,Firearm Checks,Baseline,8.724,2,12,8.724,Second,False,Middle (Q2-6)
27,BTP,6,firearm,Firearm Checks,Error Threshold,13.064,1,11,13.064,First,False,Middle (Q2-6)
27,BTP,7,auto,Autonomous Driving,Error Threshold,5.032,1,13,5.032,First,False,Last (Q7)
28,TBP,1,disease,Disease Screening,Baseline,17.632,2,2,17.632,Second,True,First (Q1)
28,TBP,1,disease,Disease Screening,Error Threshold,52.701,1,1,52.701,First,True,First (Q1)
28,TBP,2,armed,Armed Conflict,Baseline,10.968,2,4,10.968,Second,False,Middle (Q2-6)
28,TBP,2,armed,Armed Conflict,Error Threshold,10.367,1,3,10.367,First,False,Middle (Q2-6)
28,TBP,3,welfare,Welfare Benefits,Error Threshold,6.227,1,5,6.227,First,False,Middle (Q2-6)
28,TBP,4,immi,Immigration,Baseline,8.624,2,8,8.624,Second,False,Middle (Q2-6)
28,TBP,4,immi,Immigration,Error Threshold,2.261,1,7,2.261,First,False,Middle (Q2-6)
28,TBP,5,vote,Voting,Baseline,13.086,2,10,13.086,Second,False,Middle (Q2-6)
28,TBP,5,vote,Voting,Error Threshold,24.062,1,9,24.062,First,False,Middle (Q2-6)
28,TBP,6,air,Airport Security,Error Threshold,13.469,1,11,13.469,First,False,Middle (Q2-6)
28,TBP,7,firearm,Firearm Checks,Baseline,16.82,2,14,16.82,Second,False,Last (Q7)
28,TBP,7,firearm,Firearm Checks,Error Threshold,6.333,1,13,6.333,First,False,Last (Q7)
29,BTP,1,disease,Disease Screening,Baseline,8.12,2,2,8.12,Second,True,First (Q1)
29,BTP,1,disease,Disease Screening,Error Threshold,5.081,1,1,5.081,First,True,First (Q1)
29,BTP,2,armed,Armed Conflict,Baseline,10.381,2,4,10.381,Second,False,Middle (Q2-6)
29,BTP,2,armed,Armed Conflict,Error Threshold,2.702,1,3,2.702,First,False,Middle (Q2-6)
29,BTP,3,welfare,Welfare Benefits,Error Threshold,11.267,1,5,11.267,First,False,Middle (Q2-6)
29,BTP,4,immi,Immigration,Baseline,18.101,2,8,18.101,Second,False,Middle (Q2-6)
29,BTP,4,immi,Immigration,Error Threshold,3.442,1,7,3.442,First,False,Middle (Q2-6)
29,BTP,5,vote,Voting,Error Threshold,19.35,1,9,19.35,First,False,Middle (Q2-6)
29,BTP,6,firearm,Firearm Checks,Baseline,7.147,2,12,7.147,Second,False,Middle (Q2-6)
29,BTP,6,firearm,Firearm Checks,Error Threshold,2.496,1,11,2.496,First,False,Middle (Q2-6)
29,BTP,7,auto,Autonomous Driving,Error Threshold,2.72,1,13,2.72,First,False,Last (Q7)
30,TBP,1,disease,Disease Screening,Baseline,7.055,2,2,7.055,Second,True,First (Q1)
30,TBP,1,disease,Disease Screening,Error Threshold,10.992,1,1,10.992,First,True,First (Q1)
30,TBP,2,armed,Armed Conflict,Error Threshold,6.831,1,3,6.831,First,False,Middle (Q2-6)
30,TBP,3,welfare,Welfare Benefits,Baseline,13.144,2,6,13.144,Second,False,Middle (Q2-6)
30,TBP,3,welfare,Welfare Benefits,Error Threshold,25.601,1,5,25.601,First,False,Middle (Q2-6)
30,TBP,4,immi,Immigration,Error Threshold,6.361,1,7,6.361,First,False,Middle (Q2-6)
30,TBP,5,air,Airport Security,Error Threshold,3.436,1,9,3.436,First,False,Middle (Q2-6)
30,TBP,6,firearm,Firearm Checks,Baseline,16.284,2,12,16.284,Second,False,Middle (Q2-6)
30,TBP,6,firearm,Firearm Checks,Error Threshold,5.891,1,11,5.891,First,False,Middle (Q2-6)
30,TBP,7,auto,Autonomous Driving,Error Threshold,6.502,1,13,6.502,First,False,Last (Q7)
31,PTB,1,conv,Convictions,Error Threshold,36.589,1,1,36.589,First,True,First (Q1)
31,PTB,2,welfare,Welfare Benefits,Baseline,14.425,2,4,14.425,Second,False,Middle (Q2-6)
31,PTB,2,welfare,Welfare Benefits,Error Threshold,8.577,1,3,8.577,First,False,Middle (Q2-6)
31,PTB,3,immi,Immigration,Baseline,11.452,2,6,11.452,Second,False,Middle (Q2-6)
31,PTB,3,immi,Immigration,Error Threshold,25.183,1,5,25.183,First,False,Middle (Q2-6)
31,PTB,4,vote,Voting,Error Threshold,10.111,1,7,10.111,First,False,Middle (Q2-6)
31,PTB,5,air,Airport Security,Baseline,17.419,2,10,17.419,Second,False,Middle (Q2-6)
31,PTB,5,air,Airport Security,Error Threshold,2.392,1,9,2.392,First,False,Middle (Q2-6)
31,PTB,6,firearm,Firearm Checks,Error Threshold,7.741,1,11,7.741,First,False,Middle (Q2-6)
31,PTB,7,auto,Autonomous Driving,Error Threshold,8.815,1,13,8.815,First,False,Last (Q7)
32,PBT,1,disease,Disease Screening,Error Threshold,12.634,2,2,12.634,Second,True,First (Q1)
32,PBT,2,armed,Armed Conflict,Baseline,129.63,1,3,129.63,First,False,Middle (Q2-6)
32,PBT,2,armed,Armed Conflict,Error Threshold,9.397,2,4,9.397,Second,False,Middle (Q2-6)
32,PBT,3,conv,Convictions,Error Threshold,54.478,2,6,54.478,Second,False,Middle (Q2-6)
32,PBT,4,immi,Immigration,Baseline,13.6,1,7,13.6,First,False,Middle (Q2-6)
32,PBT,4,immi,Immigration,Error Threshold,13.162,2,8,13.162,Second,False,Middle (Q2-6)
32,PBT,5,air,Airport Security,Error Threshold,5.812,2,10,5.812,Second,False,Middle (Q2-6)
32,PBT,6,firearm,Firearm Checks,Error Threshold,5.5,2,12,5.5,Second,False,Middle (Q2-6)
32,PBT,7,auto,Autonomous Driving,Error Threshold,71.977,2,14,71.977,Second,False,Last (Q7)
33,BTP,1,armed,Armed Conflict,Error Threshold,29.065,1,1,29.065,First,True,First (Q1)
33,BTP,2,welfare,Welfare Benefits,Baseline,13.643,2,4,13.643,Second,False,Middle (Q2-6)
33,BTP,2,welfare,Welfare Benefits,Error Threshold,24.9,1,3,24.9,First,False,Middle (Q2-6)
33,BTP,3,immi,Immigration,Error Threshold,12.22,1,5,12.22,First,False,Middle (Q2-6)
33,BTP,4,vote,Voting,Error Threshold,61.0,1,7,61.0,First,False,Middle (Q2-6)
33,BTP,5,air,Airport Security,Baseline,38.142,2,10,38.142,Second,False,Middle (Q2-6)
33,BTP,5,air,Airport Security,Error Threshold,27.376,1,9,27.376,First,False,Middle (Q2-6)
33,BTP,6,firearm,Firearm Checks,Baseline,17.36,2,12,17.36,Second,False,Middle (Q2-6)
33,BTP,6,firearm,Firearm Checks,Error Threshold,18.735,1,11,18.735,First,False,Middle (Q2-6)
33,BTP,7,auto,Autonomous Driving,Error Threshold,22.646,1,13,22.646,First,False,Last (Q7)
34,BTP,1,disease,Disease Screening,Error Threshold,1.713,1,1,1.713,First,True,First (Q1)
34,BTP,2,armed,Armed Conflict,Baseline,7.356,2,4,7.356,Second,False,Middle (Q2-6)
34,BTP,2,armed,Armed Conflict,Error Threshold,4.189,1,3,4.189,First,False,Middle (Q2-6)
34,BTP,3,immi,Immigration,Baseline,14.848,2,6,14.848,Second,False,Middle (Q2-6)
34,BTP,3,immi,Immigration,Error Threshold,2.775,1,5,2.775,First,False,Middle (Q2-6)
34,BTP,4,vote,Voting,Error Threshold,6.035,1,7,6.035,First,False,Middle (Q2-6)
34,BTP,5,air,Airport Security,Error Threshold,3.689,1,9,3.689,First,False,Middle (Q2-6)
34,BTP,6,firearm,Firearm Checks,Baseline,6.675,2,12,6.675,Second,False,Middle (Q2-6)
34,BTP,6,firearm,Firearm Checks,Error Threshold,2.645,1,11,2.645,First,False,Middle (Q2-6)
34,BTP,7,auto,Autonomous Driving,Baseline,10.338,2,14,10.338,Second,False,Last (Q7)
34,BTP,7,auto,Autonomous Driving,Error Threshold,8.35,1,13,8.35,First,False,Last (Q7)
35,TBP,1,disease,Disease Screening,Error Threshold,11.625,1,1,11.625,First,True,First (Q1)
35,TBP,2,armed,Armed Conflict,Baseline,26.933,2,4,26.933,Second,False,Middle (Q2-6)
35,TBP,2,armed,Armed Conflict,Error Threshold,31.846,1,3,31.846,First,False,Middle (Q2-6)
35,TBP,3,conv,Convictions,Error Threshold,14.546,1,5,14.546,First,False,Middle (Q2-6)
35,TBP,4,welfare,Welfare Benefits,Error Threshold,8.114,1,7,8.114,First,False,Middle (Q2-6)
35,TBP,5,immi,Immigration,Error Threshold,22.301,1,9,22.301,First,False,Middle (Q2-6)
35,TBP,6,vote,Voting,Error Threshold,25.043,1,11,25.043,First,False,Middle (Q2-6)
35,TBP,7,air,Airport Security,Baseline,24.168,2,14,24.168,Second,False,Last (Q7)
35,TBP,7,air,Airport Security,Error Threshold,15.698,1,13,15.698,First,False,Last (Q7)
36,PBT,1,disease,Disease Screening,Error Threshold,4.094,2,2,4.094,Second,True,First (Q1)
36,PBT,2,armed,Armed Conflict,Error Threshold,8.618,2,4,8.618,Second,False,Middle (Q2-6)
36,PBT,3,immi,Immigration,Baseline,12.133,1,5,12.133,First,False,Middle (Q2-6)
36,PBT,3,immi,Immigration,Error Threshold,7.391,2,6,7.391,Second,False,Middle (Q2-6)
36,PBT,4,vote,Voting,Baseline,12.708,1,7,12.708,First,False,Middle (Q2-6)
36,PBT,4,vote,Voting,Error Threshold,21.732,2,8,21.732,Second,False,Middle (Q2-6)
36,PBT,5,air,Airport Security,Baseline,13.679,1,9,13.679,First,False,Middle (Q2-6)
36,PBT,5,air,Airport Security,Error Threshold,6.047,2,10,6.047,Second,False,Middle (Q2-6)
36,PBT,6,firearm,Firearm Checks,Error Threshold,2.627,2,12,2.627,Second,False,Middle (Q2-6)
36,PBT,7,auto,Autonomous Driving,Error Threshold,8.889,2,14,8.889,Second,False,Last (Q7)
37,BTP,1,disease,Disease Screening,Baseline,7.436,2,2,7.436,Second,True,First (Q1)
37,BTP,1,disease,Disease Screening,Error Threshold,1.599,1,1,1.599,First,True,First (Q1)
37,BTP,2,armed,Armed Conflict,Error Threshold,3.687,1,3,3.687,First,False,Middle (Q2-6)
37,BTP,3,conv,Convictions,Baseline,51.455,2,6,51.455,Second,False,Middle (Q2-6)
37,BTP,3,conv,Convictions,Error Threshold,9.962,1,5,9.962,First,False,Middle (Q2-6)
37,BTP,4,vote,Voting,Error Threshold,1.252,1,7,1.252,First,False,Middle (Q2-6)
37,BTP,5,air,Airport Security,Error Threshold,1.795,1,9,1.795,First,False,Middle (Q2-6)
37,BTP,6,firearm,Firearm Checks,Error Threshold,3.866,1,11,3.866,First,False,Middle (Q2-6)
37,BTP,7,auto,Autonomous Driving,Baseline,4.959,2,14,4.959,Second,False,Last (Q7)
37,BTP,7,auto,Autonomous Driving,Error Threshold,1.4,1,13,1.4,First,False,Last (Q7)
38,PTB,1,conv,Convictions,Baseline,6.567,2,2,6.567,Second,True,First (Q1)
38,PTB,1,conv,Convictions,Error Threshold,5.967,1,1,5.967,First,True,First (Q1)
38,PTB,2,welfare,Welfare Benefits,Error Threshold,1.265,1,3,1.265,First,False,Middle (Q2-6)
38,PTB,3,immi,Immigration,Baseline,5.113,2,6,5.113,Second,False,Middle (Q2-6)
38,PTB,3,immi,Immigration,Error Threshold,0.937,1,5,0.937,First,False,Middle (Q2-6)
38,PTB,4,vote,Voting,Baseline,6.399,2,8,6.399,Second,False,Middle (Q2-6)
38,PTB,4,vote,Voting,Error Threshold,2.514,1,7,2.514,First,False,Middle (Q2-6)
38,PTB,5,air,Airport Security,Error Threshold,1.162,1,9,1.162,First,False,Middle (Q2-6)
38,PTB,6,firearm,Firearm Checks,Baseline,4.904,2,12,4.904,Second,False,Middle (Q2-6)
38,PTB,6,firearm,Firearm Checks,Error Threshold,1.248,1,11,1.248,First,False,Middle (Q2-6)
38,PTB,7,auto,Autonomous Driving,Baseline,3.417,2,14,3.417,Second,False,Last (Q7)
38,PTB,7,auto,Autonomous Driving,Error Threshold,1.064,1,13,1.064,First,False,Last (Q7)
39,PBT,1,armed,Armed Conflict,Baseline,42.743,1,1,42.743,First,True,First (Q1)
39,PBT,1,armed,Armed Conflict,Error Threshold,6.1,2,2,6.1,Second,True,First (Q1)
39,PBT,2,conv,Convictions,Error Threshold,6.198,2,4,6.198,Second,False,Middle (Q2-6)
39,PBT,3,welfare,Welfare Benefits,Error Threshold,7.033,2,6,7.033,Second,False,Middle (Q2-6)
39,PBT,4,immi,Immigration,Baseline,10.403,1,7,10.403,First,False,Middle (Q2-6)
39,PBT,4,immi,Immigration,Error Threshold,4.381,2,8,4.381,Second,False,Middle (Q2-6)
39,PBT,5,vote,Voting,Error Threshold,9.048,2,10,9.048,Second,False,Middle (Q2-6)
39,PBT,6,air,Airport Security,Error Threshold,10.774,2,12,10.774,Second,False,Middle (Q2-6)
39,PBT,7,firearm,Firearm Checks,Baseline,18.6,1,13,18.6,First,False,Last (Q7)
39,PBT,7,firearm,Firearm Checks,Error Threshold,4.2,2,14,4.2,Second,False,Last (Q7)
40,BTP,1,disease,Disease Screening,Baseline,6.009,2,2,6.009,Second,True,First (Q1)
40,BTP,1,disease,Disease Screening,Error Threshold,3.534,1,1,3.534,First,True,First (Q1)
40,BTP,2,conv,Convictions,Baseline,3.349,2,4,3.349,Second,False,Middle (Q2-6)
40,BTP,2,conv,Convictions,Error Threshold,3.076,1,3,3.076,First,False,Middle (Q2-6)
40,BTP,3,immi,Immigration,Baseline,8.458,2,6,8.458,Second,False,Middle (Q2-6)
40,BTP,3,immi,Immigration,Error Threshold,1.732,1,5,1.732,First,False,Middle (Q2-6)
40,BTP,4,vote,Voting,Baseline,9.429,2,8,9.429,Second,False,Middle (Q2-6)
40,BTP,4,vote,Voting,Error Threshold,3.017,1,7,3.017,First,False,Middle (Q2-6)
40,BTP,5,air,Airport Security,Baseline,28.8,2,10,28.8,Second,False,Middle (Q2-6)
40,BTP,5,air,Airport Security,Error Threshold,7.978,1,9,7.978,First,False,Middle (Q2-6)
40,BTP,6,firearm,Firearm Checks,Error Threshold,2.601,1,11,2.601,First,False,Middle (Q2-6)
40,BTP,7,auto,Autonomous Driving,Baseline,6.4,2,14,6.4,Second,False,Last (Q7)
40,BTP,7,auto,Autonomous Driving,Error Threshold,3.69,1,13,3.69,First,False,Last (Q7)
41,BTP,1,disease,Disease Screening,Baseline,11.176,2,2,11.176,Second,True,First (Q1)
41,BTP,1,disease,Disease Screening,Error Threshold,15.446,1,1,15.446,First,True,First (Q1)
41,BTP,2,armed,Armed Conflict,Error Threshold,8.665,1,3,8.665,First,False,Middle (Q2-6)
41,BTP,3,conv,Convictions,Baseline,8.227,2,6,8.227,Second,False,Middle (Q2-6)
41,BTP,3,conv,Convictions,Error Threshold,17.008,1,5,17.008,First,False,Middle (Q2-6)
41,BTP,4,welfare,Welfare Benefits,Error Threshold,12.009,1,7,12.009,First,False,Middle (Q2-6)
41,BTP,5,vote,Voting,Baseline,21.416,2,10,21.416,Second,False,Middle (Q2-6)
41,BTP,5,vote,Voting,Error Threshold,7.119,1,9,7.119,First,False,Middle (Q2-6)
41,BTP,6,firearm,Firearm Checks,Baseline,14.501,2,12,14.501,Second,False,Middle (Q2-6)
41,BTP,6,firearm,Firearm Checks,Error Threshold,64.55,1,11,64.55,First,False,Middle (Q2-6)
41,BTP,7,auto,Autonomous Driving,Baseline,19.484,2,14,19.484,Second,False,Last (Q7)
41,BTP,7,auto,Autonomous Driving,Error Threshold,29.098,1,13,29.098,First,False,Last (Q7)
42,PTB,1,disease,Disease Screening,Error Threshold,3.634,1,1,3.634,First,True,First (Q1)
42,PTB,2,armed,Armed Conflict,Error Threshold,11.488,1,3,11.488,First,False,Middle (Q2-6)
42,PTB,3,welfare,Welfare Benefits,Error Threshold,2.964,1,5,2.964,First,False,Middle (Q2-6)
42,PTB,4,immi,Immigration,Error Threshold,3.337,1,7,3.337,First,False,Middle (Q2-6)
42,PTB,5,air,Airport Security,Error Threshold,2.343,1,9,2.343,First,False,Middle (Q2-6)
42,PTB,6,firearm,Firearm Checks,Baseline,22.793,2,12,22.793,Second,False,Middle (Q2-6)
42,PTB,6,firearm,Firearm Checks,Error Threshold,2.872,1,11,2.872,First,False,Middle (Q2-6)
42,PTB,7,auto,Autonomous Driving,Baseline,23.082,2,14,23.082,Second,False,Last (Q7)
42,PTB,7,auto,Autonomous Driving,Error Threshold,10.861,1,13,10.861,First,False,Last (Q7)
43,PBT,1,disease,Disease Screening,Baseline,16.883,1,1,16.883,First,True,First (Q1)
43,PBT,1,disease,Disease Screening,Error Threshold,7.588,2,2,7.588,Second,True,First (Q1)
43,PBT,2,armed,Armed Conflict,Error Threshold,10.536,2,4,10.536,Second,False,Middle (Q2-6)
43,PBT,3,conv,Convictions,Baseline,118.988,1,5,118.988,First,False,Middle (Q2-6)
43,PBT,3,conv,Convictions,Error Threshold,19.527,2,6,19.527,Second,False,Middle (Q2-6)
43,PBT,4,welfare,Welfare Benefits,Error Threshold,15.047,2,8,15.047,Second,False,Middle (Q2-6)
43,PBT,5,immi,Immigration,Baseline,73.888,1,9,73.888,First,False,Middle (Q2-6)
43,PBT,5,immi,Immigration,Error Threshold,4.402,2,10,4.402,Second,False,Middle (Q2-6)
43,PBT,6,vote,Voting,Baseline,19.461,1,11,19.461,First,False,Middle (Q2-6)
43,PBT,6,vote,Voting,Error Threshold,12.513,2,12,12.513,Second,False,Middle (Q2-6)
43,PBT,7,firearm,Firearm Checks,Error Threshold,16.936,2,14,16.936,Second,False,Last (Q7)
44,PBT,1,disease,Disease Screening,Baseline,11.764,1,1,11.764,First,True,First (Q1)
44,PBT,1,disease,Disease Screening,Error Threshold,3.32,2,2,3.32,Second,True,First (Q1)
44,PBT,2,armed,Armed Conflict,Baseline,11.025,1,3,11.025,First,False,Middle (Q2-6)
44,PBT,2,armed,Armed Conflict,Error Threshold,3.665,2,4,3.665,Second,False,Middle (Q2-6)
44,PBT,3,welfare,Welfare Benefits,Baseline,7.78,1,5,7.78,First,False,Middle (Q2-6)
44,PBT,3,welfare,Welfare Benefits,Error Threshold,3.645,2,6,3.645,Second,False,Middle (Q2-6)
44,PBT,4,immi,Immigration,Baseline,13.357,1,7,13.357,First,False,Middle (Q2-6)
44,PBT,4,immi,Immigration,Error Threshold,20.443,2,8,20.443,Second,False,Middle (Q2-6)
44,PBT,5,vote,Voting,Error Threshold,13.339,2,10,13.339,Second,False,Middle (Q2-6)
44,PBT,6,firearm,Firearm Checks,Error Threshold,18.738,2,12,18.738,Second,False,Middle (Q2-6)
44,PBT,7,auto,Autonomous Driving,Baseline,17.901,1,13,17.901,First,False,Last (Q7)
44,PBT,7,auto,Autonomous Driving,Error Threshold,8.559,2,14,8.559,Second,False,Last (Q7)
45,PBT,1,disease,Disease Screening,Error Threshold,6.174,2,2,6.174,Second,True,First (Q1)
45,PBT,2,armed,Armed Conflict,Baseline,24.634,1,3,24.634,First,False,Middle (Q2-6)
45,PBT,2,armed,Armed Conflict,Error Threshold,20.153,2,4,20.153,Second,False,Middle (Q2-6)
45,PBT,3,welfare,Welfare Benefits,Baseline,12.152,1,5,12.152,First,False,Middle (Q2-6)
45,PBT,3,welfare,Welfare Benefits,Error Threshold,10.302,2,6,10.302,Second,False,Middle (Q2-6)
45,PBT,4,immi,Immigration,Baseline,34.233,1,7,34.233,First,False,Middle (Q2-6)
45,PBT,4,immi,Immigration,Error Threshold,8.737,2,8,8.737,Second,False,Middle (Q2-6)
45,PBT,5,vote,Voting,Baseline,50.185,1,9,50.185,First,False,Middle (Q2-6)
45,PBT,5,vote,Voting,Error Threshold,20.401,2,10,20.401,Second,False,Middle (Q2-6)
45,PBT,6,air,Airport Security,Baseline,12.997,1,11,12.997,First,False,Middle (Q2-6)
45,PBT,6,air,Airport Security,Error Threshold,10.335,2,12,10.335,Second,False,Middle (Q2-6)
45,PBT,7,auto,Autonomous Driving,Baseline,15.36,1,13,15.36,First,False,Last (Q7)
45,PBT,7,auto,Autonomous Driving,Error Threshold,39.047,2,14,39.047,Second,False,Last (Q7)
46,PBT,1,disease,Disease Screening,Error Threshold,30.225,2,2,30.225,Second,True,First (Q1)
46,PBT,2,armed,Armed Conflict,Error Threshold,57.181,2,4,57.181,Second,False,Middle (Q2-6)
46,PBT,3,welfare,Welfare Benefits,Baseline,6.799,1,5,6.799,First,False,Middle (Q2-6)
46,PBT,3,welfare,Welfare Benefits,Error Threshold,4.797,2,6,4.797,Second,False,Middle (Q2-6)
46,PBT,4,immi,Immigration,Error Threshold,6.38,2,8,6.38,Second,False,Middle (Q2-6)
46,PBT,5,vote,Voting,Error Threshold,6.983,2,10,6.983,Second,False,Middle (Q2-6)
46,PBT,6,air,Airport Security,Error Threshold,36.802,2,12,36.802,Second,False,Middle (Q2-6)
46,PBT,7,auto,Autonomous Driving,Baseline,12.316,1,13,12.316,First,False,Last (Q7)
46,PBT,7,auto,Autonomous Driving,Error Threshold,3.462,2,14,3.462,Second,False,Last (Q7)
47,BTP,1,disease,Disease Screening,Baseline,86.22,2,2,86.22,Second,True,First (Q1)
47,BTP,1,disease,Disease Screening,Error Threshold,336.101,1,1,135.52889999999968,First,True,First (Q1)
47,BTP,2,armed,Armed Conflict,Baseline,29.957,2,4,29.957,Second,False,Middle (Q2-6)
47,BTP,2,armed,Armed Conflict,Error Threshold,4.462,1,3,4.462,First,False,Middle (Q2-6)
47,BTP,3,welfare,Welfare Benefits,Baseline,10.931,2,6,10.931,Second,False,Middle (Q2-6)
47,BTP,3,welfare,Welfare Benefits,Error Threshold,24.701,1,5,24.701,First,False,Middle (Q2-6)
47,BTP,4,immi,Immigration,Error Threshold,3.901,1,7,3.901,First,False,Middle (Q2-6)
47,BTP,5,vote,Voting,Error Threshold,8.787,1,9,8.787,First,False,Middle (Q2-6)
47,BTP,6,air,Airport Security,Error Threshold,12.613,1,11,12.613,First,False,Middle (Q2-6)
47,BTP,7,firearm,Firearm Checks,Baseline,18.432,2,14,18.432,Second,False,Last (Q7)
47,BTP,7,firearm,Firearm Checks,Error Threshold,104.983,1,13,104.983,First,False,Last (Q7)
48,BTP,1,armed,Armed Conflict,Error Threshold,8.189,1,1,8.189,First,True,First (Q1)
48,BTP,2,conv,Convictions,Baseline,8.777,2,4,8.777,Second,False,Middle (Q2-6)
48,BTP,2,conv,Convictions,Error Threshold,9.306,1,3,9.306,First,False,Middle (Q2-6)
48,BTP,3,welfare,Welfare Benefits,Baseline,8.795,2,6,8.795,Second,False,Middle (Q2-6)
48,BTP,3,welfare,Welfare Benefits,Error Threshold,7.348,1,5,7.348,First,False,Middle (Q2-6)
48,BTP,4,immi,Immigration,Baseline,8.27,2,8,8.27,Second,False,Middle (Q2-6)
48,BTP,4,immi,Immigration,Error Threshold,17.808,1,7,17.808,First,False,Middle (Q2-6)
48,BTP,5,air,Airport Security,Error Threshold,5.255,1,9,5.255,First,False,Middle (Q2-6)
48,BTP,6,firearm,Firearm Checks,Baseline,14.476,2,12,14.476,Second,False,Middle (Q2-6)
48,BTP,6,firearm,Firearm Checks,Error Threshold,13.439,1,11,13.439,First,False,Middle (Q2-6)
48,BTP,7,auto,Autonomous Driving,Error Threshold,3.83,1,13,3.83,First,False,Last (Q7)
49,PTB,1,disease,Disease Screening,Error Threshold,18.272,1,1,18.272,First,True,First (Q1)
49,PTB,2,armed,Armed Conflict,Error Threshold,39.329,1,3,39.329,First,False,Middle (Q2-6)
49,PTB,3,conv,Convictions,Error Threshold,14.053,1,5,14.053,First,False,Middle (Q2-6)
49,PTB,4,welfare,Welfare Benefits,Baseline,12.058,2,8,12.058,Second,False,Middle (Q2-6)
49,PTB,4,welfare,Welfare Benefits,Error Threshold,9.041,1,7,9.041,First,False,Middle (Q2-6)
49,PTB,5,immi,Immigration,Error Threshold,10.942,1,9,10.942,First,False,Middle (Q2-6)
49,PTB,6,air,Airport Security,Error Threshold,25.713,1,11,25.713,First,False,Middle (Q2-6)
49,PTB,7,auto,Autonomous Driving,Error Threshold,11.55,1,13,11.55,First,False,Last (Q7)
50,BTP,1,disease,Disease Screening,Baseline,13.241,2,2,13.241,Second,True,First (Q1)
50,BTP,1,disease,Disease Screening,Error Threshold,13.81,1,1,13.81,First,True,First (Q1)
50,BTP,2,armed,Armed Conflict,Baseline,22.655,2,4,22.655,Second,False,Middle (Q2-6)
50,BTP,2,armed,Armed Conflict,Error Threshold,9.81,1,3,9.81,First,False,Middle (Q2-6)
50,BTP,3,immi,Immigration,Error Threshold,12.545,1,5,12.545,First,False,Middle (Q2-6)
50,BTP,4,vote,Voting,Baseline,5.707,2,8,5.707,Second,False,Middle (Q2-6)
50,BTP,4,vote,Voting,Error Threshold,9.285,1,7,9.285,First,False,Middle (Q2-6)
50,BTP,5,air,Airport Security,Error Threshold,10.688,1,9,10.688,First,False,Middle (Q2-6)
50,BTP,6,firearm,Firearm Checks,Baseline,224.165,2,12,135.52889999999968,Second,False,Middle (Q2-6)
50,BTP,6,firearm,Firearm Checks,Error Threshold,8.115,1,11,8.115,First,False,Middle (Q2-6)
50,BTP,7,auto,Autonomous Driving,Error Threshold,10.848,1,13,10.848,First,False,Last (Q7)
51,BTP,1,disease,Disease Screening,Error Threshold,30.431,1,1,30.431,First,True,First (Q1)
51,BTP,2,armed,Armed Conflict,Error Threshold,15.769,1,3,15.769,First,False,Middle (Q2-6)
51,BTP,3,welfare,Welfare Benefits,Baseline,6.7,2,6,6.7,Second,False,Middle (Q2-6)
51,BTP,3,welfare,Welfare Benefits,Error Threshold,18.107,1,5,18.107,First,False,Middle (Q2-6)
51,BTP,4,vote,Voting,Error Threshold,11.52,1,7,11.52,First,False,Middle (Q2-6)
51,BTP,5,air,Airport Security,Error Threshold,26.774,1,9,26.774,First,False,Middle (Q2-6)
51,BTP,6,firearm,Firearm Checks,Baseline,13.787,2,12,13.787,Second,False,Middle (Q2-6)
51,BTP,6,firearm,Firearm Checks,Error Threshold,9.199,1,11,9.199,First,False,Middle (Q2-6)
51,BTP,7,auto,Autonomous Driving,Baseline,11.101,2,14,11.101,Second,False,Last (Q7)
51,BTP,7,auto,Autonomous Driving,Error Threshold,14.168,1,13,14.168,First,False,Last (Q7)
52,PBT,1,armed,Armed Conflict,Baseline,42.357,1,1,42.357,First,True,First (Q1)
52,PBT,1,armed,Armed Conflict,Error Threshold,59.075,2,2,59.075,Second,True,First (Q1)
52,PBT,2,welfare,Welfare Benefits,Error Threshold,7.659,2,4,7.659,Second,False,Middle (Q2-6)
52,PBT,3,immi,Immigration,Error Threshold,6.753,2,6,6.753,Second,False,Middle (Q2-6)
52,PBT,4,vote,Voting,Baseline,18.718,1,7,18.718,First,False,Middle (Q2-6)
52,PBT,4,vote,Voting,Error Threshold,13.795,2,8,13.795,Second,False,Middle (Q2-6)
52,PBT,5,air,Airport Security,Error Threshold,5.296,2,10,5.296,Second,False,Middle (Q2-6)
52,PBT,6,firearm,Firearm Checks,Error Threshold,22.721,2,12,22.721,Second,False,Middle (Q2-6)
52,PBT,7,auto,Autonomous Driving,Error Threshold,28.474,2,14,28.474,Second,False,Last (Q7)
53,BTP,1,disease,Disease Screening,Error Threshold,14.92,1,1,14.92,First,True,First (Q1)
53,BTP,2,conv,Convictions,Error Threshold,11.284,1,3,11.284,First,False,Middle (Q2-6)
53,BTP,3,welfare,Welfare Benefits,Error Threshold,6.473,1,5,6.473,First,False,Middle (Q2-6)
53,BTP,4,immi,Immigration,Error Threshold,4.989,1,7,4.989,First,False,Middle (Q2-6)
53,BTP,5,vote,Voting,Error Threshold,6.771,1,9,6.771,First,False,Middle (Q2-6)
53,BTP,6,air,Airport Security,Baseline,10.47,2,12,10.47,Second,False,Middle (Q2-6)
53,BTP,6,air,Airport Security,Error Threshold,7.471,1,11,7.471,First,False,Middle (Q2-6)
53,BTP,7,firearm,Firearm Checks,Baseline,7.815,2,14,7.815,Second,False,Last (Q7)
53,BTP,7,firearm,Firearm Checks,Error Threshold,2.923,1,13,2.923,First,False,Last (Q7)
54,PBT,1,disease,Disease Screening,Baseline,11.017,1,1,11.017,First,True,First (Q1)
54,PBT,1,disease,Disease Screening,Error Threshold,4.556,2,2,4.556,Second,True,First (Q1)
54,PBT,2,armed,Armed Conflict,Error Threshold,15.611,2,4,15.611,Second,False,Middle (Q2-6)
54,PBT,3,conv,Convictions,Error Threshold,12.162,2,6,12.162,Second,False,Middle (Q2-6)
54,PBT,4,welfare,Welfare Benefits,Baseline,16.009,1,7,16.009,First,False,Middle (Q2-6)
54,PBT,4,welfare,Welfare Benefits,Error Threshold,11.277,2,8,11.277,Second,False,Middle (Q2-6)
54,PBT,5,immi,Immigration,Error Threshold,9.868,2,10,9.868,Second,False,Middle (Q2-6)
54,PBT,6,air,Airport Security,Baseline,5.883,1,11,5.883,First,False,Middle (Q2-6)
54,PBT,6,air,Airport Security,Error Threshold,4.127,2,12,4.127,Second,False,Middle (Q2-6)
54,PBT,7,auto,Autonomous Driving,Baseline,19.327,1,13,19.327,First,False,Last (Q7)
54,PBT,7,auto,Autonomous Driving,Error Threshold,7.911,2,14,7.911,Second,False,Last (Q7)
55,BTP,1,disease,Disease Screening,Baseline,58.117,2,2,58.117,Second,True,First (Q1)
55,BTP,1,disease,Disease Screening,Error Threshold,19.376,1,1,19.376,First,True,First (Q1)
55,BTP,2,armed,Armed Conflict,Error Threshold,43.076,1,3,43.076,First,False,Middle (Q2-6)
55,BTP,3,conv,Convictions,Baseline,5.74,2,6,5.74,Second,False,Middle (Q2-6)
55,BTP,3,conv,Convictions,Error Threshold,6.219,1,5,6.219,First,False,Middle (Q2-6)
55,BTP,4,welfare,Welfare Benefits,Baseline,15.764,2,8,15.764,Second,False,Middle (Q2-6)
55,BTP,4,welfare,Welfare Benefits,Error Threshold,18.687,1,7,18.687,First,False,Middle (Q2-6)
55,BTP,5,immi,Immigration,Baseline,28.074,2,10,28.074,Second,False,Middle (Q2-6)
55,BTP,5,immi,Immigration,Error Threshold,22.001,1,9,22.001,First,False,Middle (Q2-6)
55,BTP,6,vote,Voting,Baseline,11.959,2,12,11.959,Second,False,Middle (Q2-6)
55,BTP,6,vote,Voting,Error Threshold,6.259,1,11,6.259,First,False,Middle (Q2-6)
55,BTP,7,firearm,Firearm Checks,Baseline,9.358,2,14,9.358,Second,False,Last (Q7)
55,BTP,7,firearm,Firearm Checks,Error Threshold,19.053,1,13,19.053,First,False,Last (Q7)
56,PBT,1,disease,Disease Screening,Error Threshold,2.224,2,2,2.224,Second,True,First (Q1)
56,PBT,2,conv,Convictions,Error Threshold,7.44,2,4,7.44,Second,False,Middle (Q2-6)
56,PBT,3,immi,Immigration,Error Threshold,2.861,2,6,2.861,Second,False,Middle (Q2-6)
56,PBT,4,vote,Voting,Baseline,1.857,1,7,1.857,First,False,Middle (Q2-6)
56,PBT,4,vote,Voting,Error Threshold,1.752,2,8,1.752,Second,False,Middle (Q2-6)
56,PBT,5,air,Airport Security,Error Threshold,2.384,2,10,2.384,Second,False,Middle (Q2-6)
56,PBT,6,firearm,Firearm Checks,Baseline,2.248,1,11,2.248,First,False,Middle (Q2-6)
56,PBT,6,firearm,Firearm Checks,Error Threshold,1.918,2,12,1.918,Second,False,Middle (Q2-6)
56,PBT,7,auto,Autonomous Driving,Error Threshold,164.733,2,14,135.52889999999968,Second,False,Last (Q7)
57,TBP,1,disease,Disease Screening,Baseline,9.038,2,2,9.038,Second,True,First (Q1)
57,TBP,1,disease,Disease Screening,Error Threshold,8.126,1,1,8.126,First,True,First (Q1)
57,TBP,2,welfare,Welfare Benefits,Baseline,20.507,2,4,20.507,Second,False,Middle (Q2-6)
57,TBP,2,welfare,Welfare Benefits,Error Threshold,16.452,1,3,16.452,First,False,Middle (Q2-6)
57,TBP,3,immi,Immigration,Error Threshold,31.807,1,5,31.807,First,False,Middle (Q2-6)
57,TBP,4,vote,Voting,Error Threshold,11.518,1,7,11.518,First,False,Middle (Q2-6)
57,TBP,5,air,Airport Security,Error Threshold,11.008,1,9,11.008,First,False,Middle (Q2-6)
57,TBP,6,firearm,Firearm Checks,Error Threshold,6.478,1,11,6.478,First,False,Middle (Q2-6)
57,TBP,7,auto,Autonomous Driving,Error Threshold,85.859,1,13,85.859,First,False,Last (Q7)
58,PTB,1,armed,Armed Conflict,Error Threshold,17.709,1,1,17.709,First,True,First (Q1)
58,PTB,2,welfare,Welfare Benefits,Baseline,10.23,2,4,10.23,Second,False,Middle (Q2-6)
58,PTB,2,welfare,Welfare Benefits,Error Threshold,55.941,1,3,55.941,First,False,Middle (Q2-6)
58,PTB,3,immi,Immigration,Baseline,8.518,2,6,8.518,Second,False,Middle (Q2-6)
58,PTB,3,immi,Immigration,Error Threshold,6.756,1,5,6.756,First,False,Middle (Q2-6)
58,PTB,4,vote,Voting,Baseline,11.648,2,8,11.648,Second,False,Middle (Q2-6)
58,PTB,4,vote,Voting,Error Threshold,7.546,1,7,7.546,First,False,Middle (Q2-6)
58,PTB,5,air,Airport Security,Error Threshold,38.675,1,9,38.675,First,False,Middle (Q2-6)
58,PTB,6,firearm,Firearm Checks,Baseline,17.419,2,12,17.419,Second,False,Middle (Q2-6)
58,PTB,6,firearm,Firearm Checks,Error Threshold,9.001,1,11,9.001,First,False,Middle (Q2-6)
58,PTB,7,auto,Autonomous Driving,Error Threshold,11.512,1,13,11.512,First,False,Last (Q7)
59,PTB,1,armed,Armed Conflict,Error Threshold,10.303,1,1,10.303,First,True,First (Q1)
59,PTB,2,conv,Convictions,Error Threshold,10.24,1,3,10.24,First,False,Middle (Q2-6)
59,PTB,3,welfare,Welfare Benefits,Baseline,12.209,2,6,12.209,Second,False,Middle (Q2-6)
59,PTB,3,welfare,Welfare Benefits,Error Threshold,2.788,1,5,2.788,First,False,Middle (Q2-6)
59,PTB,4,vote,Voting,Baseline,14.77,2,8,14.77,Second,False,Middle (Q2-6)
59,PTB,4,vote,Voting,Error Threshold,2.967,1,7,2.967,First,False,Middle (Q2-6)
59,PTB,5,air,Airport Security,Error Threshold,7.11,1,9,7.11,First,False,Middle (Q2-6)
59,PTB,6,firearm,Firearm Checks,Baseline,12.693,2,12,12.693,Second,False,Middle (Q2-6)
59,PTB,6,firearm,Firearm Checks,Error Threshold,14.557,1,11,14.557,First,False,Middle (Q2-6)
59,PTB,7,auto,Autonomous Driving,Baseline,140.76,2,14,135.52889999999968,Second,False,Last (Q7)
59,PTB,7,auto,Autonomous Driving,Error Threshold,48.395,1,13,48.395,First,False,Last (Q7)
60,BTP,1,conv,Convictions,Error Threshold,4.042,1,1,4.042,First,True,First (Q1)
60,BTP,2,welfare,Welfare Benefits,Baseline,10.652,2,4,10.652,Second,False,Middle (Q2-6)
60,BTP,2,welfare,Welfare Benefits,Error Threshold,79.646,1,3,79.646,First,False,Middle (Q2-6)
60,BTP,3,immi,Immigration,Error Threshold,2.38,1,5,2.38,First,False,Middle (Q2-6)
60,BTP,4,vote,Voting,Baseline,3.21,2,8,3.21,Second,False,Middle (Q2-6)
60,BTP,4,vote,Voting,Error Threshold,33.348,1,7,33.348,First,False,Middle (Q2-6)
60,BTP,5,air,Airport Security,Error Threshold,31.859,1,9,31.859,First,False,Middle (Q2-6)
60,BTP,6,firearm,Firearm Checks,Error Threshold,1.66,1,11,1.66,First,False,Middle (Q2-6)
60,BTP,7,auto,Autonomous Driving,Baseline,1.749,2,14,1.749,Second,False,Last (Q7)
60,BTP,7,auto,Autonomous Driving,Error Threshold,24.398,1,13,24.398,First,False,Last (Q7)
61,PTB,1,disease,Disease Screening,Baseline,4.289,2,2,4.289,Second,True,First (Q1)
61,PTB,1,disease,Disease Screening,Error Threshold,4.032,1,1,4.032,First,True,First (Q1)
61,PTB,2,armed,Armed Conflict,Error Threshold,3.171,1,3,3.171,First,False,Middle (Q2-6)
61,PTB,3,welfare,Welfare Benefits,Error Threshold,4.926,1,5,4.926,First,False,Middle (Q2-6)
61,PTB,4,immi,Immigration,Baseline,4.172,2,8,4.172,Second,False,Middle (Q2-6)
61,PTB,4,immi,Immigration,Error Threshold,4.975,1,7,4.975,First,False,Middle (Q2-6)
61,PTB,5,vote,Voting,Baseline,3.032,2,10,3.032,Second,False,Middle (Q2-6)
61,PTB,5,vote,Voting,Error Threshold,4.045,1,9,4.045,First,False,Middle (Q2-6)
61,PTB,6,firearm,Firearm Checks,Baseline,15.341,2,12,15.341,Second,False,Middle (Q2-6)
61,PTB,6,firearm,Firearm Checks,Error Threshold,16.166,1,11,16.166,First,False,Middle (Q2-6)
61,PTB,7,auto,Autonomous Driving,Error Threshold,6.236,1,13,6.236,First,False,Last (Q7)
62,PTB,1,disease,Disease Screening,Error Threshold,4.278,1,1,4.278,First,True,First (Q1)
62,PTB,2,armed,Armed Conflict,Baseline,2.838,2,4,2.838,Second,False,Middle (Q2-6)
62,PTB,2,armed,Armed Conflict,Error Threshold,2.054,1,3,2.054,First,False,Middle (Q2-6)
62,PTB,3,welfare,Welfare Benefits,Error Threshold,2.165,1,5,2.165,First,False,Middle (Q2-6)
62,PTB,4,immi,Immigration,Error Threshold,3.0,1,7,3.0,First,False,Middle (Q2-6)
62,PTB,5,vote,Voting,Error Threshold,4.921,1,9,4.921,First,False,Middle (Q2-6)
62,PTB,6,air,Airport Security,Error Threshold,2.871,1,11,2.871,First,False,Middle (Q2-6)
62,PTB,7,firearm,Firearm Checks,Baseline,7.429,2,14,7.429,Second,False,Last (Q7)
62,PTB,7,firearm,Firearm Checks,Error Threshold,13.178,1,13,13.178,First,False,Last (Q7)
63,BTP,1,disease,Disease Screening,Baseline,35.687,2,2,35.687,Second,True,First (Q1)
63,BTP,1,disease,Disease Screening,Error Threshold,8.318,1,1,8.318,First,True,First (Q1)
63,BTP,2,armed,Armed Conflict,Baseline,29.394,2,4,29.394,Second,False,Middle (Q2-6)
63,BTP,2,armed,Armed Conflict,Error Threshold,7.24,1,3,7.24,First,False,Middle (Q2-6)
63,BTP,3,conv,Convictions,Baseline,71.291,2,6,71.291,Second,False,Middle (Q2-6)
63,BTP,3,conv,Convictions,Error Threshold,2.646,1,5,2.646,First,False,Middle (Q2-6)
63,BTP,4,welfare,Welfare Benefits,Baseline,525.941,2,8,135.52889999999968,Second,False,Middle (Q2-6)
63,BTP,4,welfare,Welfare Benefits,Error Threshold,4.627,1,7,4.627,First,False,Middle (Q2-6)
63,BTP,5,vote,Voting,Baseline,1.516,2,10,1.516,Second,False,Middle (Q2-6)
63,BTP,5,vote,Voting,Error Threshold,67.339,1,9,67.339,First,False,Middle (Q2-6)
63,BTP,6,air,Airport Security,Error Threshold,5.342,1,11,5.342,First,False,Middle (Q2-6)
63,BTP,7,firearm,Firearm Checks,Error Threshold,37.394,1,13,37.394,First,False,Last (Q7)
64,PBT,1,armed,Armed Conflict,Baseline,14.383,1,1,14.383,First,True,First (Q1)
64,PBT,1,armed,Armed Conflict,Error Threshold,7.181,2,2,7.181,Second,True,First (Q1)
64,PBT,2,conv,Convictions,Error Threshold,4.173,2,4,4.173,Second,False,Middle (Q2-6)
64,PBT,3,welfare,Welfare Benefits,Baseline,10.8,1,5,10.8,First,False,Middle (Q2-6)
64,PBT,3,welfare,Welfare Benefits,Error Threshold,3.987,2,6,3.987,Second,False,Middle (Q2-6)
64,PBT,4,immi,Immigration,Error Threshold,9.281,2,8,9.281,Second,False,Middle (Q2-6)
64,PBT,5,air,Airport Security,Error Threshold,25.404,2,10,25.404,Second,False,Middle (Q2-6)
64,PBT,6,firearm,Firearm Checks,Baseline,8.336,1,11,8.336,First,False,Middle (Q2-6)
64,PBT,6,firearm,Firearm Checks,Error Threshold,3.002,2,12,3.002,Second,False,Middle (Q2-6)
64,PBT,7,auto,Autonomous Driving,Error Threshold,2.378,2,14,2.378,Second,False,Last (Q7)
65,TBP,1,disease,Disease Screening,Baseline,8.232,2,2,8.232,Second,True,First (Q1)
65,TBP,1,disease,Disease Screening,Error Threshold,2.409,1,1,2.409,First,True,First (Q1)
65,TBP,2,armed,Armed Conflict,Baseline,10.06,2,4,10.06,Second,False,Middle (Q2-6)
65,TBP,2,armed,Armed Conflict,Error Threshold,22.163,1,3,22.163,First,False,Middle (Q2-6)
65,TBP,3,conv,Convictions,Error Threshold,11.477,1,5,11.477,First,False,Middle (Q2-6)
65,TBP,4,welfare,Welfare Benefits,Error Threshold,6.045,1,7,6.045,First,False,Middle (Q2-6)
65,TBP,5,immi,Immigration,Baseline,12.175,2,10,12.175,Second,False,Middle (Q2-6)
65,TBP,5,immi,Immigration,Error Threshold,5.335,1,9,5.335,First,False,Middle (Q2-6)
65,TBP,6,air,Airport Security,Baseline,31.972,2,12,31.972,Second,False,Middle (Q2-6)
65,TBP,6,air,Airport Security,Error Threshold,14.478,1,11,14.478,First,False,Middle (Q2-6)
65,TBP,7,firearm,Firearm Checks,Baseline,8.331,2,14,8.331,Second,False,Last (Q7)
65,TBP,7,firearm,Firearm Checks,Error Threshold,8.964,1,13,8.964,First,False,Last (Q7)
66,PTB,1,disease,Disease Screening,Baseline,22.435,2,2,22.435,Second,True,First (Q1)
66,PTB,1,disease,Disease Screening,Error Threshold,18.443,1,1,18.443,First,True,First (Q1)
66,PTB,2,armed,Armed Conflict,Error Threshold,71.789,1,3,71.789,First,False,Middle (Q2-6)
66,PTB,3,conv,Convictions,Baseline,13.649,2,6,13.649,Second,False,Middle (Q2-6)
66,PTB,3,conv,Convictions,Error Threshold,3.14,1,5,3.14,First,False,Middle (Q2-6)
66,PTB,4,vote,Voting,Baseline,9.389,2,8,9.389,Second,False,Middle (Q2-6)
66,PTB,4,vote,Voting,Error Threshold,6.475,1,7,6.475,First,False,Middle (Q2-6)
66,PTB,5,firearm,Firearm Checks,Error Threshold,14.209,1,9,14.209,First,False,Middle (Q2-6)
